product_id,product_name
1,Organic Baby Spinach
2,Organic Baby Carrots
3,Organic Avocado
4,Organic Strawberries
5,Organic Raspberries
6,Organic Blueberries
7,Organic Whole Milk
8,Organic Eggs
9,Organic Bananas
10,Organic Grapes
11,Organic Zucchini
12,Organic Cucumber
13,Organic Red Bell Pepper
14,Organic Green Bell Pepper
15,Organic Yellow Onion
16,Organic Garlic
17,Organic Ginger
18,Organic Lemon
19,Organic Lime
20,Organic Sweet Potatoes
21,Organic Kale
22,Organic Broccoli
23,Organic Cauliflower
24,Organic Celery
25,Organic Green Beans
26,Organic Mushrooms
27,Organic Cherry Tomatoes
28,Organic Cabbage
29,Organic Carrots
30,Organic Peas
31,Organic Corn
32,Organic Bell Pepper
33,Organic Radish
34,Organic Spinach
35,Organic Lettuce
36,Organic Arugula
37,Organic Basil
38,Organic Cilantro
39,Organic Parsley
40,Organic Thyme
41,Organic Oregano
42,Organic Rosemary
43,Organic Sage
44,Organic Chives
45,Organic Dill
46,Organic Fennel
47,Organic Leeks
48,Organic Shallots
49,Organic Scallions
50,Organic Sweet Corn